"Reference","Value","Footprint","QUANTITY","DNP","MPN","Manufacturer"
"C1,C4,C6,C7,C8,C9,C11,C12,C18,C19,C20,C21,C22,C23,C24,C25,C26,C27,C28,C29,C30,C31,C32,C33,C34,C35,C36,C37","100nF","Capacitor_SMD:C_0402_1005Metric","28","","GRM155R71H104KE14D","Murata"
"C2,C3","4.7uF","Capacitor_SMD:C_0603_1608Metric","2","","GRM188R61E475KE11","Murata"
"C5,C15","4.7uF","Capacitor_SMD:C_0402_1005Metric","2","","GRM155R61A475MEAAD","Murata"
"C10","1uF","Capacitor_SMD:C_0402_1005Metric","1","","GRM155R61E105KA12D","Murata"
"C13,C14","12pF","Capacitor_SMD:C_0402_1005Metric","2","","GRM1555C1H120FA01D","Murata"
"C16","220uF","CA_Capacitor:CP_Elec_8x12.2","1","","A768KS227M1VLAE024","Kemet"
"C17","100nF","Capacitor_SMD:C_1206_3216Metric","1","","GRM31CR72E104KW03L","Murata"
"D1","SML-A12MTT86P","CA_Library_Footprint:LED_SML-A12MTT86P","1","","SML-A12MTT86P","ROHM Semicon"
"D3","SML-A12V8TT86","CA_Library_Footprint:LED_SML-A12MTT86P","1","","SML-A12V8TT86","ROHM Semicon"
"D4,D7,D9,D11,D13,D15,D17","24V","Diode_SMD:D_SOD-323","7","","ESD24VD3BHE3-TP","Micro Commercial Co"
"D5","ZMM9V1","Diode_SMD:D_MiniMELF","1","","ZMM9V1","Diotec Semiconductor"
"D6,D8,D10,D12,D14,D16","B5819WS","Diode_SMD:D_SOD-323","6","","B5819WS-TP","Micro Commercial Co"
"F1,F2,F3,F4,F5,F6","250 V / 5 A","CA_Fuse:JDT_F2410","6","","JFC2410-1500TS","JDTfuse(集电通)"
"FB1","1k @ 100 MHz","Inductor_SMD:L_0402_1005Metric","1","","BLM15AX102SN1D","Murata"
"J2","522710779","CA_Connector:Molex_0522710779","1","","522710779","Molex"
"J3","12402012E212A","CA_Connector:USB_C_Receptacle_16P_ModifiedTolerance","1","","12402012E212A","Amphenol ICC (Commercial Products)"
"J4","1720466","CA_Connector:1720466","1","","1720466","Phoenix Contact"
"J5,J6,J7,J8,J9,J10","WJ2EDGRC-5.08-2P","CA_Connector:TH_2P-P5.08_WJ2EDGRC","6","","WJ2EDGRC-5.08-2P","Ningbo-Kangnex-Elec"
"Q1","AP6679GH-HF","Package_TO_SOT_SMD:TO-252-2","1","","AP6679GH-HF ","Apec (Advanced Power Elec)"
"Q2,Q4,Q6,Q8,Q10,Q12","NXV55UNR","Package_TO_SOT_SMD:SOT-23","6","","NXV55UNR","Nexperia"
"Q3,Q5,Q7,Q9,Q11,Q13","AONR21321","CA_Package_DFN_QFN:DFN_3x3A_8L_EP1_P_AON","6","","AONR21321","Alpha & Omega Semicon"
"R1,R4,R10,R11","100k","Resistor_SMD:R_0402_1005Metric","4","","RC0402FR-07100KL","Yageo"
"R2,R3,R5","300R","Resistor_SMD:R_0402_1005Metric","3","","RC0402FR-07300RL","Yageo"
"R6,R7,R12","5k1","Resistor_SMD:R_0402_1005Metric","3","","RC0402FR-075K1L","Yageo"
"R8,R9","22R","Resistor_SMD:R_0402_1005Metric","2","","RC0402FR-0722RL","Yageo"
"R13,R16,R19,R22,R25,R28,R31,R34,R37,R40,R43,R46","180R","Resistor_SMD:R_0402_1005Metric","12","","RC0402FR-07180RL","Yageo"
"R14,R15,R20,R21,R26,R27,R32,R33,R38,R39,R44,R45","1k","Resistor_SMD:R_0805_2012Metric","12","","RC0805FR-071KL","Yageo"
"R17,R23,R29,R35,R41,R47","1k","Resistor_SMD:R_0402_1005Metric","6","","RC0402FR-071KL","Yageo"
"R18,R24,R30,R36,R42,R48","2k","Resistor_SMD:R_0402_1005Metric","6","","RC0402FR-072KL","Yageo"
"U1","AP2127N-3.3","Package_TO_SOT_SMD:SOT-23","1","","AP2127N-3.3TRG1","Diodes Incorporated"
"U2","STM32F401CCU6","Package_DFN_QFN:QFN-48-1EP_7x7mm_P0.5mm_EP5.6x5.6mm","1","","STM32F401CCU6","STMicroelectronics"
"U3","TPD2EUSB30","Package_TO_SOT_SMD:Texas_DRT-3","1","","TPD2EUSB30DRTR","Texas Instruments"
"U4,U5,U7,U9,U11,U13,U15","EL3H7(B)(TA)-G","Package_SO:SOP-4_4.4x2.6mm_P1.27mm","7","","EL3H7(B)(TA)-G","Everlight"
"U6,U8,U10,U12,U14,U16","ACS725LLCTR-05AB-S","Package_SO:SOIC-8_3.9x4.9mm_P1.27mm","6","","ACS725LLCTR-05AB-S","Allegro Microsystems"
"Y1","16MHz","Crystal:Crystal_SMD_3225-4Pin_3.2x2.5mm","1","","X322516MLB4SI","YXC"
