"Reference","Value","Footprint","QUANTITY","DNP","MPN","Manufacturer"
"C1,C2,C3,C4,C6","1uF","Capacitor_SMD:C_0402_1005Metric","5","","GRM155Z71A105KE01","Murata"
"C5,C9","12pF","Capacitor_SMD:C_0402_1005Metric","2","","GRM1555C1H120FA01D","Murata"
"C7,C8,C11,C12,C13,C14,C15,C17","100nF","Capacitor_SMD:C_0402_1005Metric","8","","GRM155R71H104KE14D","Murata"
"C10,C16","4.7uF","Capacitor_SMD:C_0402_1005Metric","2","","GRM155R61A475MEAAD","Murata"
"D3","5V","Diode_SMD:D_SOD-323","1","","ESD5V0D3B-TP","Micro Commercial Co"
"FB1","1k @ 100 MHz","Inductor_SMD:L_0402_1005Metric","1","","BLM15AX102SN1D","Murata"
"J1","UJ32-C-V-G-FMT-4-P24","CA_Connector:SAMESKY_UJ32-C-V-G-FMT-4-P24","1","","UJ32-C-V-G-FMT-4-P24","Same Sky (Formerly CUI Devices)"
"R3,R4","5.1k","Resistor_SMD:R_0402_1005Metric","2","","RC0402FR-075K1L","Yageo"
"R5,R6,R7,R8","10k","Resistor_SMD:R_0402_1005Metric","4","","RC0402FR-0710KL","Yageo"
"R9","300R","Resistor_SMD:R_0402_1005Metric","1","","RC0402FR-07300RL","Yageo"
"R10","100k","Resistor_SMD:R_0402_1005Metric","1","","RC0402FR-07100KL","Yageo"
"R11,R12,R13,R14","47R","Resistor_SMD:R_0402_1005Metric","4","","RC0402FR-0747RL","Yageo"
"R15,R16","22R","Resistor_SMD:R_0402_1005Metric","2","","RC0402FR-0722RL","Yageo"
"U1","AP2127N-3.3","Package_TO_SOT_SMD:SOT-23","1","","AP2127N-3.3TRG1","Diodes Incorporated"
"U2","TPD2EUSB30","Package_TO_SOT_SMD:Texas_DRT-3","1","","TPD2EUSB30DRTR","Texas Instruments"
"U3,U4","SHT45-AD1F-R2","CA_Library_Footprint:SHT4X","2","","SHT45-AD1F-R2","Sensirion"
"U5","STM32F401CCU6","Package_DFN_QFN:QFN-48-1EP_7x7mm_P0.5mm_EP5.6x5.6mm","1","","STM32F401CCU6","STMicroelectronics"
"Y1","16MHz","Crystal:Crystal_SMD_3225-4Pin_3.2x2.5mm","1","","X322516MLB4SI","YXC"
