"Reference","Value","Footprint","QUANTITY","DNP","MPN","Manufacturer"
"C1,C4,C6,C7,C8,C9,C11,C12,C16,C24,C25,C26,C27,C29,C30,C31,C32,C34,C35,C36,C37,C39,C40,C41,C42,C44,C45,C46,C47,C49,C50,C51,C52,C54,C55,C56,C57","100nF","Capacitor_SMD:C_0402_1005Metric","37","","GRM155R71H104KE14D","Murata"
"C2,C3,C17,C18,C20,C21,C22,C23,C28,C33,C38,C43,C48,C53","47uF","Capacitor_SMD:C_0603_1608Metric","14","","GRM188R60J476ME01D","Murata"
"C5,C15","4.7uF","Capacitor_SMD:C_0402_1005Metric","2","","GRM155R61A475MEAAD","Murata"
"C10","1uF","Capacitor_SMD:C_0402_1005Metric","1","","GRM155R61E105KA12D","Murata"
"C13,C14","12pF","Capacitor_SMD:C_0402_1005Metric","2","","GRM1555C1H120FA01D","Murata"
"C19","22pF","Capacitor_SMD:C_0402_1005Metric","1","","GRM1555C1H220GA01D","Murata"
"D1","SML-A12MTT86P","CA_Library_Footprint:LED_SML-A12MTT86P","1","","SML-A12MTT86P","ROHM Semicon"
"D2","SML-A12V8TT86","CA_Library_Footprint:LED_SML-A12MTT86P","1","","SML-A12V8TT86","ROHM Semicon"
"D3","5V","Diode_SMD:D_SOD-323","1","","ESD5V0D3B-TP","Micro Commercial Co"
"FB1","1k @ 100 MHz","Inductor_SMD:L_0402_1005Metric","1","","BLM15AX102SN1D","Murata"
"J3","Conn_01x04_Pin","Connector_PinHeader_2.54mm:PinHeader_1x04_P2.54mm_Vertical","1","DNP","~","~"
"J4","TYPE-C-31-M-12","CA_Connector:USB_C_Receptacle_16P_ModifiedTolerance","1","","12402012E212A","Amphenol ICC (Commercial Products)"
"J5,J6,J7,J8,J9,J10","WJ15EDGRC-3.81-3P","CA_Connector:WJ15EDGRC-3.81-3P","6","","WJ15EDGRC-3.81-3P","Ningbo Kangnex Elec"
"J11","Conn_02x06_Odd_Even","Connector_PinHeader_2.54mm:PinHeader_2x06_P2.54mm_Vertical","1","DNP","~","~"
"L1","1uH","CA_Inductor:L_2016","1","","TFM201610GHM-1R0MTAA","TDK Corporation"
"R1","100k","Resistor_SMD:R_0402_1005Metric","1","","RC0402FR-07100KL","Yageo"
"R2,R4","4.7k","Resistor_SMD:R_0402_1005Metric","2","","RC0402FR-074K7L","Yageo"
"R3,R5,R6,R20,R21,R26,R27,R32,R33,R38,R39,R44,R45,R50,R51","300R","Resistor_SMD:R_0402_1005Metric","15","","RC0402FR-07300RL","Yageo"
"R7,R8","5.1k","Resistor_SMD:R_0402_1005Metric","2","","RC0402FR-075K1L","Yageo"
"R9","187k","Resistor_SMD:R_0402_1005Metric","1","","RC0402FR-07187KL","Yageo"
"R10,R13","15k","Resistor_SMD:R_0402_1005Metric","2","","RC0402FR-0715KL","Yageo"
"R11","35k","Resistor_SMD:R_0402_1005Metric","1","","RC0402FR-0735KL","Yageo"
"R12,R14","22.6k","Resistor_SMD:R_0402_1005Metric","2","","RC0402FR-0722k6L","Yageo"
"R15,R16","10R","Resistor_SMD:R_0402_1005Metric","2","","RC0402FR-0710RL","Yageo"
"R17,R23,R29,R35,R41,R47","27.4k","Resistor_SMD:R_0402_1005Metric","6","","RC0402BR-0727K4L","Yageo"
"R18,R24,R30,R36,R42,R48","49.9k","Resistor_SMD:R_0402_1005Metric","6","","RC0402BR-0749K9L","Yageo"
"R19,R25,R31,R37,R43,R49","1k","Resistor_SMD:R_0402_1005Metric","6","","RC0402FR-071KL","Yageo"
"R22,R28,R34,R40,R46,R52","160R","Resistor_SMD:R_0402_1005Metric","6","","RT0805BRD07160RL","Yageo"
"U1","AP2127N-3.3","Package_TO_SOT_SMD:SOT-23","1","","AP2127N-3.3TRG1","Diodes Incorporated"
"U2","STM32F401CCU6","Package_DFN_QFN:QFN-48-1EP_7x7mm_P0.5mm_EP5.6x5.6mm","1","","STM32F401CCU6","STMicroelectronics"
"U3","ISL9120IRTAZ","CA_Package_DFN_QFN:QFN-12-1EP_3x3mm_P0.5mm_EP1.45x1.45mm","1","","ISL9120IRTAZ","Renesas"
"U4","TPD2EUSB30","Package_TO_SOT_SMD:Texas_DRT-3","1","","TPD2EUSB30DRTR","Texas Instruments"
"U5,U7,U9,U11,U13,U15","OPA2991IDDFR","CA_SO:TI_SOT-23-8-THIN","6","","OPA2991IDDFR","Texas Instruments"
"U6,U8,U10,U12,U14,U16","TS5A23159DGS","Package_SO:VSSOP-10_3x3mm_P0.5mm","6","","TS5A23159DGSR","Texas Instruments"
"Y1","16MHz","Crystal:Crystal_SMD_3225-4Pin_3.2x2.5mm","1","","X322516MLB4SI","YXC"
