"Reference","Value","Footprint","QUANTITY","DNP","MPN","Manufacturer"
"C1,C4,C6,C7,C8,C9,C11,C12,C13,C14,C15,C16,C20,C21,C25,C26,C27,C28,C29,C30,C31,C32,C33,C34,C35,C36,C38,C40,C41","100nF","Capacitor_SMD:C_0402_1005Metric","29","","GRM155R71H104KE14D","Murata"
"C2,C3","4.7uF","Capacitor_SMD:C_0603_1608Metric","2","","GRM188R6YA475KE15D","Murata"
"C5,C10,C24,C37,C39","4.7uF","Capacitor_SMD:C_0402_1005Metric","5","","GRM155R61A475MEAAD","Murata"
"C17,C18","12pF","Capacitor_SMD:C_0402_1005Metric","2","","GRM1555C1H120FA01D","Murata"
"C19,C22,C23","10u","Capacitor_SMD:C_0603_1608Metric","3","","GRM188C81C106MA73","Murata"
"D1","SML-A12MTT86P","CA_Library_Footprint:LED_SML-A12MTT86P","1","","SML-A12MTT86P","ROHM Semicon"
"F1,F2,F3","0.5 A / 600V","CA_Fuse:Fuse_4012","3","","SEM 0.5A 600V","Conquer"
"J1","1720495","CA_Connector:1720495","1","","1720495","Phoenix Contact"
"J3","TYPE-C-31-M-12","CA_Connector:USB_C_Receptacle_16P_ModifiedTolerance","1","","12402012E212A","Amphenol ICC (Commercial Products)"
"R1","100k","Resistor_SMD:R_0402_1005Metric","1","","RC0402FR-07100KL","Yageo"
"R2,R6","300R","Resistor_SMD:R_0402_1005Metric","2","","RC0402FR-07300RL","Yageo"
"R3,R4,R9,R10","10R","Resistor_SMD:R_0402_1005Metric","4","","RC0402FR-0710RL","Yageo"
"R5,R8","5k1","Resistor_SMD:R_0402_1005Metric","2","","RC0402FR-075K1L","Yageo"
"R7,R11,R12,R22,R23,R24","10k","Resistor_SMD:R_0402_1005Metric","6","","RC0402FR-0710KL","Yageo"
"R13,R14,R15,R16,R17,R18,R19,R20,R21,R25,R26,R27","1k","Resistor_SMD:R_0402_1005Metric","12","","RC0402FR-071KL","Yageo"
"T1,T2,T3","BV202S06003A","CA_Library_Footprint:EE20-6.5","3","","BV202S06003A","Zettler Magnetics"
"U1","AP2127N-3.3","Package_TO_SOT_SMD:SOT-23","1","","AP2127N-3.3TRG1","Diodes Incorporated"
"U2","ADUM3160BRWZ","Package_SO:SOIC-16W_7.5x10.3mm_P1.27mm","1","","ADuM3160BRWZ","Analog Devices"
"U3","STM32F401CCU6","Package_DFN_QFN:QFN-48-1EP_7x7mm_P0.5mm_EP5.6x5.6mm","1","","STM32F401CCU6","STMicroelectronics"
"U4","R05C1TF05S-R","CA_Library_Footprint:TFLGA-12_5x4mm_RxxC1TFxxS-R","1","","R05C1TF05S-R","Recom Power"
"U5","TPD2EUSB30","Package_TO_SOT_SMD:Texas_DRT-3","1","","TPD2EUSB30DRTR","Texas Instruments"
"U6,U7,U8","OPA991IDBVR","Package_TO_SOT_SMD:SOT-23-5","3","","OPA991IDBVR","Texas Instruments"
"U9","REF2033QDDCRQ1","Package_TO_SOT_SMD:SOT-23-5","1","","REF2033QDDCRQ1","Texas Instruments"
"Y1","16MHz","Crystal:Crystal_SMD_3225-4Pin_3.2x2.5mm","1","","X322516MLB4SI","YXC"
