"Reference","Value","Footprint","QUANTITY","DNP","MPN","Manufacturer"
"C1,C2,C62,C69,C71,C76","22p","Capacitor_SMD:C_0402_1005Metric","6","","GRM1555C1H220JA01","Murata"
"C3,C5,C11,C16,C21,C57,C65","4u7","Capacitor_SMD:C_0603_1608Metric","7","","GRM188C71C475KE21","Murata"
"C4,C6,C10,C14,C23,C38,C51,C68,C73","10u","Capacitor_SMD:C_0603_1608Metric","9","","GRM188B30J106ME47","Murata"
"C7,C12,C18,C19,C80","1u","Capacitor_SMD:C_0402_1005Metric","5","","GRM155C71A105KE11","Murata"
"C8,C13,C15,C17,C20,C22,C24,C26,C27,C28,C30,C31,C32,C37,C39,C40,C42,C46,C49,C56,C58,C60,C66,C78,C79,C81,C82,C83,C84,C85,C86,C87,C88,C89,C90,C91,C92,C93,C94,C95,C96,C97,C98,C99,C100,C101,C102,C103,C104,C105,C106,C107,C108,C109,C110,C111,C112,C113,C114,C115,C116,C117,C118,C119","100n","Capacitor_SMD:C_0402_1005Metric","64","","GRM155R71C104KA88","Murata"
"C9","220n","Capacitor_SMD:C_0402_1005Metric","1","","GRM155R61A224KE19","Murata"
"C25,C53,C64","100n","Capacitor_SMD:C_0402_1005Metric","3","DNP","GRM155R71C104KA88","Murata"
"C29,C35,C36,C41,C48,C50,C54,C61,C70,C74,C75,C77","1u","Capacitor_SMD:C_0603_1608Metric","12","","GRM188R61A105KA61","Murata"
"C33,C34,C43,C44,C45,C47,C55,C59","22u","Capacitor_SMD:C_0805_2012Metric","8","","GRM21BD71A226ME44","Murata"
"C52,C63","100p","Capacitor_SMD:C_0402_1005Metric","2","","GRM1555C1H101JA01","Murata"
"C67,C72","10n","Capacitor_SMD:C_0402_1005Metric","2","","GRM155R71C103KA01","Murata"
"D1,D2,D3,D4,D5,D6,D7,D8","150060VS75000","Diode_SMD:D_0603_1608Metric","8","","150060VS75000","Wurth Elektronik"
"D9,D10,D11,D12","5V","Diode_SMD:D_SOD-882","4","","ESD9BL0522P","  Diotec Semiconductor"
"FB1,FB2,FB3,FB4,FB5,FB6,FB7,FB8,FB9,FB10","1k @ 100MHz","Inductor_SMD:L_0603_1608Metric","10","","BLM18KG102SN1","Murata"
"J1,J2","PH1-06-UA","Connector_PinHeader_2.54mm:PinHeader_1x06_P2.54mm_Vertical","2","","PH1-06-UA","Adam Tech"
"J3,J4","TYPE-C-31-M-12","CA_Connector:USB_C_Receptacle_16P_ModifiedTolerance","2","","TYPE-C-31-M-12","Korean Hroparts Elec"
"J5,J6","BHR-20-VUA","Connector_IDC:IDC-Header_2x10_P2.54mm_Vertical","2","","BHR-20-VUA","Adam Tech"
"L1,L3","6u8","CA_Inductor:L_TDK_VLS60xx","2","","VLS6045AF-6R8M","TDK"
"L2,L4","3u3","CA_Inductor:L_TDK_VLS60xx","2","","VLS6045AF-3R3N","TDK"
"Q1,Q2,Q3,Q4","NXV55UNR","Package_TO_SOT_SMD:SOT-23","4","","NXV55UNR","Nexperia"
"R1,R2","100","Resistor_SMD:R_0402_1005Metric","2","DNP","RC0402FR-07100RL","Yageo"
"R3,R4,R9,R26,R60,R61,R67,R71","300","Resistor_SMD:R_0402_1005Metric","8","","RC0402FR-07300RL","Yageo"
"R5,R94,R105","150","Resistor_SMD:R_0402_1005Metric","3","","RC0402FR-07150RL","Yageo"
"R6,R8,R11,R15,R16,R17,R99,R102,R119,R121,R135","0","Resistor_SMD:R_1206_3216Metric","11","DNP","RC1206FR-070RL","Yageo"
"R7,R12,R19,R64,R65,R69,R70,R74,R77,R82,R85,R86,R87,R90,R91,R95,R100,R101,R113,R114,R117,R118,R123,R129,R130,R133,R134,R136,R143,R147","1k","Resistor_SMD:R_0402_1005Metric","30","","RC0402FR-071KL","Yageo"
"R10","4.99k","Resistor_SMD:R_0402_1005Metric","1","","RC0402FR-074K99L","Yageo"
"R13,R14,R44,R45,R83,R98,R112,R120,R138,R139,R140,R142,R146,R150","100k","Resistor_SMD:R_0402_1005Metric","14","","RC0402FR-07100KL","Yageo"
"R18,R27,R46,R59,R66,R80","220","Resistor_SMD:R_0402_1005Metric","6","","RC0402FR-07220RL","Yageo"
"R20,R21,R23,R30,R32,R33,R34,R35,R36,R37,R38,R39,R40,R41,R42,R43,R97,R106,R108,R109,R110,R111,R149,R151","0","Resistor_SMD:R_0402_1005Metric","24","","RC0402FR-070RL","Yageo"
"R22","4k7","Resistor_SMD:R_0402_1005Metric","1","","RC0402FR-074K7L","Yageo"
"R24,R25,R28,R29,R31,R47,R48,R49,R50,R51,R52,R53,R54,R55,R56,R57,R58,R81,R93,R125,R126,R127,R128","0","Resistor_SMD:R_0402_1005Metric","23","DNP","RC0402FR-070RL","Yageo"
"R62,R72,R75,R79,R92,R96","100","Resistor_SMD:R_0402_1005Metric","6","","RC0402FR-07100RL","Yageo"
"R63,R73,R124,R137","2k","Resistor_SMD:R_0402_1005Metric","4","","RC0402FR-072KL","Yageo"
"R68,R78","62k","Resistor_SMD:R_0402_1005Metric","2","","RC0402FR-0762KL","Yageo"
"R76,R89","196k","Resistor_SMD:R_0402_1005Metric","2","","RC0402FR-07196KL","Yageo"
"R84,R88,R103,R104,R115,R116,R131,R132","22","Resistor_SMD:R_0402_1005Metric","8","","RC0402FR-0722RL","Yageo"
"R107,R122","12k","Resistor_SMD:R_0402_1005Metric","2","","RC0402FR-0712KL","Yageo"
"R141,R144,R145,R148","5k1","Resistor_SMD:R_0402_1005Metric","4","","RC0402FR-075K1L","Yageo"
"SW1,SW2","DS04-254-2-01BK-SMT","CA_Button_Switch_SMD:SW_DIP_SPSTx01_Slide_9.78x4.72mm_W8.61mm_P2.54mm_Thick","2","","DS04-254-2-01BK-SMT","CUI Devices"
"U1","ARJM11C7-502-KB-EW2","CA_Connector:RJ45_Abracon_ARJM11x7-xxx-xx_Horizontal_1000Mbps_LEDs","1","","ARJM11C7-502-KB-EW2","Abracon"
"U2,U5,U9,U19,U22,U23","TPD4EUSB30","Package_SON:USON-10_2.5x1.0mm_P0.5mm","6","","TPD4EUSB30","Texas Instruments"
"U3","88E1510","Package_DFN_QFN:QFN-48-1EP_7x7mm_P0.5mm_EP3.5x3.5mm","1","","88E1510-A0-NNB2C000","Marvell Semiconductor, Inc."
"U4,U11","M93C66-WMN6TP","Package_SO:SOIC-8_3.9x4.9mm_P1.27mm","2","","M93C66-WMN6TP","ST Microelectronics"
"U6,U8,U10,U12,U14,U16","TLP2367","Package_SO:SO-6_4.4x3.6mm_P1.27mm","6","","TLP2367(TPR,E","Toshiba"
"U7","DS1100LZ-20+","Package_SO:SOIC-8_3.9x4.9mm_P1.27mm","1","","DS1100LZ-20+","Analog Devices"
"U13,U15","AP63200WU","Package_TO_SOT_SMD:TSOT-23-6","2","","AP63200WU","Diodes Incorporated"
"U17,U18","LAN7801","Package_DFN_QFN:VQFN-64-1EP_9x9mm_P0.5mm_EP7.15x7.15mm","2","","LAN7801","Microchip"
"U20,U21","TPD2EUSB30","Package_TO_SOT_SMD:Texas_DRT-3","2","","TPD2EUSB30","Texas Instruments"
"Y1,Y2,Y3","25MHz","Crystal:Crystal_SMD_3225-4Pin_3.2x2.5mm","3","","RH100-25.000-13-F-0715-EXT-TR-NS1","Raltron"
