"Reference","Value","Footprint","QUANTITY","DNP","MPN","Manufacturer"
"C1,C3,C4,C6,C7,C9,C10,C12","100nF","Capacitor_SMD:C_0402_1005Metric","8","","GRM155R71H104KE14D","Murata"
"C13","100nF / 630V","Capacitor_SMD:C_1210_3225Metric","1","","C3225X7T2J104K160AC","TDK Corporation"
"D1,D2,D3,D4","T3035H-6G","CA_Library_Footprint:D2PAK_T3035H","4","","T3035H-6G-TR","STMicroelectronics"
"D5","WP57SURKSURKD","CA_Diode:LED_SMD_D5mm_Inset","1","","WP57SURKSURKD","Kingbright"
"F1,F2,F3,F4","10 A / 350 VAC","CA_Fuse:Fuse_BelFuse_Type_0683G","4","","0683G9100-01 ","Bel Fuse Inc."
"J1,J2,J3,J4","1786417","CA_Connector:1786417","4","","1786417","Phoenix Contact"
"J5","PC 5/ 3-G-7,62","CA_Connector:1720479","1","","1720479","Phoenix Contact"
"J6,J7,J8","20021321-00006T1LF","CA_Connector:20021321-00006T1LF","3","","20021321-00006T1LF","Amphenol"
"Q1,Q2,Q3,Q4","DMN3404L","Package_TO_SOT_SMD:SOT-23","4","","DMN3404L-7","Diodes Incorporated"
"R1,R8,R15,R22","200R","Resistor_SMD:R_0402_1005Metric","4","","RC0402FR-07200RL","Yageo"
"R2,R3,R5,R9,R10,R12,R16,R17,R19,R23,R24,R26","200R","Resistor_SMD:R_0805_2012Metric","12","","RC0805FR-07200RL","Yageo"
"R4,R11,R18,R25","100R","Resistor_SMD:R_0402_1005Metric","4","","RC0402FR-07100RL","Yageo"
"R6,R13,R20,R27","10k","Resistor_SMD:R_0402_1005Metric","4","","RC0402FR-0710KL","Yageo"
"R29","499R","Resistor_SMD:R_1210_3225Metric","1","","RC1210FR-07499RL","Yageo"
"U1,U3,U5,U7","FODM3063R2","CA_DIP:SMDIP-4-2.54-6.5","4","","FODM3063R2","Onsemi"
"U2,U4,U6,U8","ACS725LLCTR-20AB-T","Package_SO:SOIC-8_3.9x4.9mm_P1.27mm","4","","ACS725LLCTR-20AB-T","Allegro MicroSystems"
