"Reference","Value","Footprint","QUANTITY","DNP","MPN","Manufacturer","Precision"
"C1,C83","10u","Capacitor_SMD:C_0603_1608Metric","2","","","",""
"C2,C3,C8,C9,C10,C11,C12,C13,C14,C15,C16,C17,C18,C19,C20,C21,C22,C25,C26,C27,C28,C29,C32,C33,C34,C35,C36,C37,C40,C41,C42,C43,C44,C45,C46,C47,C50,C51,C52,C53,C56,C57,C58,C59,C60,C61,C62,C63,C73,C74,C75,C76,C77,C78,C79,C80,C81,C85,C86,C88,C89,C92,C93,C94,C95,C96,C98,C99,C100,C101,C107,C109,C111,C112,C113,C114,C115,C116,C117,C118,C121,C125,C128,C131,C132,C134,C137,C138,C139,C142,C143,C148,C149,C157","100n","Capacitor_SMD:C_0402_1005Metric","94","","","",""
"C4,C5,C6,C7,C48,C49,C54,C55,C64,C65,C66,C67,C122,C129","4u7","Capacitor_SMD:C_0603_1608Metric","14","","","",""
"C23,C30,C82,C97,C102,C123,C124,C130,C135,C144,C145,C153,C154,C155,C156","22u","Capacitor_SMD:C_0805_2012Metric","15","","","",""
"C24,C31,C38,C39,C70,C71","22p","Capacitor_SMD:C_0402_1005Metric","6","","","",""
"C68,C69,C91,C104,C150,C151,C152","100n","Capacitor_SMD:C_0402_1005Metric","7","DNP","","",""
"C72,C133,C140,C141","100p","Capacitor_SMD:C_0402_1005Metric","4","","","",""
"C84,C87,C90,C103,C108,C110,C119,C126,C136,C146,C147,C158","1u","Capacitor_SMD:C_0603_1608Metric","12","","","",""
"C120,C127","10n","Capacitor_SMD:C_0402_1005Metric","2","","","",""
"D1,D2,D3,D4,D5,D6","150060VS75000","Diode_SMD:D_0603_1608Metric","6","","150060VS75000","Wurth Elektronik",""
"D7,D8,D9","5V","Diode_SMD:D_SOD-882","3","","ESD9BL0522P","  Diotec Semiconductor",""
"FB1,FB2,FB3,FB4,FB5,FB6,FB7,FB8,FB9","1k @ 100MHz","Inductor_SMD:L_0603_1608Metric","9","","BLM18KG102SN1","Murata",""
"J1","BHR-20-VUA","Connector_IDC:IDC-Header_2x10_P2.54mm_Vertical","1","","BHR-20-VUA","Adam Tech",""
"J2","PH1-06-UA","Connector_PinHeader_2.54mm:PinHeader_1x06_P2.54mm_Vertical","1","","PH1-06-UA","Adam Tech",""
"J3,J7","TYPE-C-31-M-12","Connector_USB:USB_C_Receptacle_G-Switch_GT-USB-7010ASV","2","","TYPE-C-31-M-12","Korean Hroparts Elec",""
"J4,J5","PH1-04-UA","Connector_PinHeader_2.54mm:PinHeader_1x04_P2.54mm_Vertical","2","","PH1-04-UA","Adam Tech",""
"J6","74441-0010","Connector:Connector_SFP_and_Cage","1","","74441-0010","Molex",""
"L1","3u3","CA_Inductor:L_TDK_VLS60xx","1","","VLS6045AF-3R3N","TDK",""
"L2,L5","2u2","CA_Inductor:L_TDK_VLS50xx","2","","VLS5045EX-2R2N","TDK",""
"L3,L4","6u8","CA_Inductor:L_TDK_VLS60xx","2","","VLS6045AF-6R8M","TDK",""
"R1","12k","Resistor_SMD:R_0402_1005Metric","1","","","","1%"
"R2,R3,R51","150","Resistor_SMD:R_0402_1005Metric","3","","","",""
"R4,R5,R8,R9,R10,R11,R12,R13,R14,R15,R16,R17,R22,R23,R24,R25,R26,R27,R28,R29,R30,R31,R109,R110,R111,R116,R118","4k7","Resistor_SMD:R_0402_1005Metric","27","","","",""
"R6,R7,R36,R47,R52,R53,R58,R59,R61,R63,R66,R67,R68,R69,R73,R74,R77,R78,R87","1k","Resistor_SMD:R_0402_1005Metric","19","","","",""
"R18,R19,R20,R21,R32,R33,R112,R113,R114,R115,R117","4k7","Resistor_SMD:R_0402_1005Metric","11","DNP","","",""
"R34,R35,R57","1k","Resistor_SMD:R_0402_1005Metric","3","DNP","","",""
"R37,R40","2.49k","Resistor_SMD:R_0402_1005Metric","2","","","","1%"
"R38,R39,R46,R48,R49,R50,R71,R72,R139,R146,R157","22","Resistor_SMD:R_0402_1005Metric","11","","","",""
"R41,R70","2k","Resistor_SMD:R_0402_1005Metric","2","","","","1%"
"R42,R43,R44,R45","0","Resistor_SMD:R_0805_2012Metric","4","DNP","","",""
"R54,R55,R56,R62,R79,R80,R81,R82,R85,R99,R100,R119,R120,R133,R134,R135,R136,R137,R138,R162,R167,R168,R169,R170,R171,R172,R173,R174,R175,R176,R183,R184","0","Resistor_SMD:R_0402_1005Metric","32","DNP","","",""
"R60,R75,R76,R83,R89,R90,R92,R94,R127,R128,R129,R130,R131,R132,R158,R161,R165,R166,R177,R178,R179,R180,R181,R182","0","Resistor_SMD:R_0402_1005Metric","24","","","",""
"R64,R65,R88,R97,R98,R141,R143,R147,R154,R155,R159,R160","100k","Resistor_SMD:R_0402_1005Metric","12","","","",""
"R84,R86,R140,R142,R163,R164","300","Resistor_SMD:R_0402_1005Metric","6","","","",""
"R91,R149","150k","Resistor_SMD:R_0402_1005Metric","2","","","",""
"R93,R144,R148,R151","62k","Resistor_SMD:R_0402_1005Metric","4","","","",""
"R95,R96,R152,R153","5k1","Resistor_SMD:R_0402_1005Metric","4","","","",""
"R101,R102,R103,R104,R105,R106,R107,R108","100k","Resistor_SMD:R_0402_1005Metric","8","DNP","","",""
"R121,R122,R123,R124,R125,R126,R156","220","Resistor_SMD:R_0402_1005Metric","7","","","",""
"R145,R150","196k","Resistor_SMD:R_0402_1005Metric","2","","","",""
"R185","0","Resistor_SMD:R_1206_3216Metric","1","DNP","","",""
"SW1","DS04-254-2-01BK-SMT","CA_Button_Switch_SMD:SW_DIP_SPSTx01_Slide_9.78x4.72mm_W8.61mm_P2.54mm_Thick","1","","DS04-254-2-01BK-SMT","CUI Devices",""
"U1","LAN7801","Package_DFN_QFN:VQFN-64-1EP_9x9mm_P0.5mm_EP7.15x7.15mm","1","","LAN7801","Microchip",""
"U2,U3","RTL8367S-CG","Package_QFP:LQFP-128_14x14mm_P0.4mm","2","","RTL8367S-CG","Realtek",""
"U4,U5","AT24CS32-STUM","Package_TO_SOT_SMD:SOT-23-5","2","","","",""
"U6","ASV-125.000MHZ-EC-T","Oscillator:Oscillator_SMD_Abracon_ASV-4Pin_7.0x5.1mm","1","DNP","ASV-125.000MHZ-EC-T","Abracon",""
"U7","M93C66-WMN6TP","Package_SO:SOIC-8_3.9x4.9mm_P1.27mm","1","","M93C66-WMN6TP","ST Microelectronics",""
"U8,U29","ARJM11C7-502-KB-EW2","CA_Connector:RJ45_Abracon_ARJM11x7-xxx-xx_Horizontal_1000Mbps_LEDs","2","","ARJM11C7-502-KB-EW2","Abracon",""
"U9,U10,U12,U16,U17,U27","TPD4EUSB30","Package_SON:USON-10_2.5x1.0mm_P0.5mm","6","","TPD4EUSB30","Texas Instruments",""
"U11,U24,U25,U26","AP63200WU","Package_TO_SOT_SMD:TSOT-23-6","4","","AP63200WU","Diodes Incorporated",""
"U13,U14,U28","TPD2EUSB30","Package_TO_SOT_SMD:Texas_DRT-3","3","","TPD2EUSB30","Texas Instruments",""
"U18,U19,U20,U21,U22,U23","TLP2367","Package_SO:SO-6L_10x3.84mm_P1.27mm","6","","TLP2367(TPR,E","Toshiba",""
"Y1,Y2,Y3","25MHz","Crystal:Crystal_SMD_3225-4Pin_3.2x2.5mm","3","","RH100-25.000-13-F-0715-EXT-TR-NS1","Raltron",""
