"Reference","Value","Footprint","QUANTITY","DNP","MPN","Manufacturer"
"C1,C2,C3,C4,C5,C6,C7,C8,C9,C10,C15,C16,C17,C18,C19,C20,C21,C22,C23,C24,C25,C26,C27,C28,C30,C34,C39,C40,C41,C42,C43,C44,C46,C47,C48,C49,C83,C85,C90,C92,C94,C97,C98","100n","Capacitor_SMD:C_0402_1005Metric","43","","GRM155R61H104KE19","Murata"
"C11,C12,C60,C61,C62,C63,C64,C65,C66,C67,C69,C71,C73,C75,C77,C79,C81,C86,C88","10u","Capacitor_SMD:C_0805_2012Metric","19","","GRM21BR61H106KE43","Murata"
"C13,C14","30p","Capacitor_SMD:C_0402_1005Metric","2","DNP","",""
"C29,C36,C84","47u","Capacitor_SMD:CP_Elec_6.3x7.7","3","","A768EB476M1ELAE042","Kemet"
"C31,C45,C53,C54,C55,C56,C57,C58,C59,C68,C70,C72,C74,C76,C78,C80,C87,C89","1u","Capacitor_SMD:C_0805_2012Metric","18","","GRM219R61H105KA73","Murata"
"C32,C50,C51,C52,C82,C95,C96","100n","Capacitor_SMD:C_0603_1608Metric","7","","GRM188R72A104KA35","Murata"
"C33","220u","CA_Capacitor:CP_Elec_8x12.2","1","","A768KS227M1VLAE024","Kemet"
"C35,C37,C38","22p","Capacitor_SMD:C_0402_1005Metric","3","","GRM1555C1H220GA01","Murata"
"C91","10n","Capacitor_SMD:C_0402_1005Metric","1","","GRM155R71H103MA88","Murata"
"D1,D2,D3,D4,D5,D6,D7,D10","150060RS75000","Diode_SMD:D_0603_1608Metric","8","","150060RS75000","Wurth Elektronik"
"D8","SML-A12VTT86P","CA_Library_Footprint:LED_SML-A12MTT86P","1","","SML-A12VTT86","Rohm Semiconductor"
"D9,D15","150060VS75000","Diode_SMD:D_0603_1608Metric","2","","150060VS75000","Wurth Elektronik"
"D11","SML-A12MTT86P","CA_Library_Footprint:LED_SML-A12MTT86P","1","","SML-A12MTT86","Rohm Semiconductor"
"D12,D18,D19","24V","Diode_SMD:D_SOD-323","3","","ESD24VD3BHE3-TP","Micro Commercial Co"
"D13","GS1510FL_R1_00001","Diode_SMD:D_SOD-123F","1","","GS1510FL_R1_00001","Panjit"
"D14,D16,D20","BZX84C3V9","CA_Diode:BZX84C3V3","3","","BZX84C3V9","Good-Ark Semiconductor"
"D17","155124M173200","CA_Diode:LED_Wuerth_155124M173200_3.2x1.5mm_Horizontal","1","","155124M173200","Wurth Elektronik"
"F1","5A","Fuse:Fuse_1206_3216Metric","1","","0685F5000","Bel Fuse"
"FB1,FB2","390 @ 100MHz","Resistor_SMD:R_0603_1608Metric","2","","MPZ1608R391ATA00","TDK"
"J1","DF40HC(3.0)-100DS-0.4V","CA_Connector:HRS_DF40C-100DS-0.4V","1","","DF40HC(3.0)-100DS-0.4V","Hirose"
"J2","DF40HC(3.0)-100DS-0.4V","CA_Connector:HRS_DF40C-100DS-0.4V_HighSpd","1","","DF40HC(3.0)-100DS-0.4V","Hirose"
"J4","ARJ-202(B)","CA_Connector:RJ45_MagJack_TabUp_1","1","","ARJ-202(B)","Abracon"
"J5,J6,J7,J8,J9,J10,J11","USB_C_Receptacle_USB2.0","CA_Connector:USB_C_Female_MC-711_No_Back_Shield","7","","MC-711","Hanbo Electronic"
"J12","DMC 1,5_ 2-G1-3,5 P20THR","CA_Connector:DMC 1,5_ 2-G1-3,5 P20THR","1","","1816137","Phoenix Contact"
"J13","WJ15EDGRC-3.81-2P","Connector_Phoenix_MC:PhoenixContact_MC_1,5_2-G-3.81_1x02_P3.81mm_Horizontal","1","","WJ15EDGRC-3.81-2P","Ningbo Kangnex Elec"
"J14","10129380-904002ALF","Connector_PinHeader_2.54mm:PinHeader_1x04_P2.54mm_Vertical_SMD_Pin1Right","1","","10129380-904002ALF","Amphenol"
"J15","52808-0470","CA_Connector:Molex_52808-0470_2x2_P0.5mm_Vertical","1","","52808-0470","Molex"
"L1","2.2u","CA_Inductor:INDPM108100X400N","1","","MPEV1D1040L2R2","Kemet"
"L2","10u","CA_Inductor:L_TDK_VLS60xx","1","","VLS6045AF-100M","TDK"
"Q1,Q3","2N7002KDW_R1_00001","Package_TO_SOT_SMD:SOT-363_SC-70-6","2","","2N7002KDW_R1_00001","Panjit"
"Q2","GSFC3401","Package_TO_SOT_SMD:SOT-23","1","","GSFC3401","Good-Ark Semiconductor"
"R1,R40,R55,R56,R74,R81","2k7","Resistor_SMD:R_0402_1005Metric","6","","RC0402FR-072K7L","Yageo"
"R2,R3,R4,R5,R6,R7,R8,R45,R46,R47,R48,R76","300","Resistor_SMD:R_0402_1005Metric","12","","RC0402FR-07300RL","Yageo"
"R9,R82","100","Resistor_SMD:R_0402_1005Metric","2","","RC0402FR-07100RL","Yageo"
"R10,R11,R12,R13,R15,R18,R21,R24,R27,R28,R30,R59,R60,R61,R62,R64,R65,R66,R67,R68,R69,R70,R75,R84,R88,R89,R107,R110","10k","Resistor_SMD:R_0402_1005Metric","28","","RC0402FR-0710KL","Yageo"
"R14,R17,R20,R23,R26,R29,R31,R32,R37,R63,R111","6k8","Resistor_SMD:R_0402_1005Metric","11","","RC0402FR-076K8L","Yageo"
"R16","2.49k","Resistor_SMD:R_0402_1005Metric","1","","RC0402FR-072K49L","Yageo"
"R19,R22,R35,R38,R41,R53","15k","Resistor_SMD:R_0402_1005Metric","6","","RC0402FR-0715KL","Yageo"
"R25,R34,R57,R58,R87,R109","100k","Resistor_SMD:R_0402_1005Metric","6","","RC0402FR-07100KL","Yageo"
"R33,R44,R71","0","Resistor_SMD:R_0402_1005Metric","3","DNP","",""
"R36","330k","Resistor_SMD:R_0402_1005Metric","1","","RC0402FR-07330KL","Yageo"
"R39,R42,R49,R50,R79,R80,R105","1k5","Resistor_SMD:R_0402_1005Metric","7","","RC0402FR-071K5L","Yageo"
"R43,R51,R52,R54,R106,R108,R112","0","Resistor_SMD:R_0402_1005Metric","7","","RC0402FR-070RL","Yageo"
"R72,R73,R78","10k","Resistor_SMD:R_0402_1005Metric","3","DNP","",""
"R77","4.7k","Resistor_SMD:R_0603_1608Metric","1","","RC0603FR-074K7L","Yageo"
"R83","47","Resistor_SMD:R_0402_1005Metric","1","","RC0402FR-0747RL","Yageo"
"R85,R86","750","Resistor_SMD:R_0402_1005Metric","2","","RC0402FR-07750RL","Yageo"
"R91,R92,R93,R94,R95,R96,R97,R98,R99,R100,R101,R102,R103,R104","22k","Resistor_SMD:R_0402_1005Metric","14","","RC0402FR-0722KL","Yageo"
"SW1","DS04-254-2-01BK-SMT","CA_Button_Switch_SMD:SW_DIP_SPSTx01_Slide_9.78x4.72mm_W8.61mm_P2.54mm_Thick","1","","DS04-254-2-01BK-SMT","CUI Devices"
"SW2","PTS645SL43SMTR92 LFS","Button_Switch_SMD:SW_SPST_B3S-1000","1","","PTS645SL43SMTR92 LFS","C&K"
"U1","FE2.1","Package_QFP:LQFP-48_7x7mm_P0.5mm","1","","FE2.1-CQFP48A","Terminus"
"U2","AP63200WU","Package_TO_SOT_SMD:TSOT-23-6","1","","AP63200WU","Diodes Incorporated"
"U3","FSUSB42MUX","Package_SO:MSOP-10_3x3mm_P0.5mm","1","","FSUSB42MUX","Onsemi"
"U4,U5","140357145400","Package_SO:SO-4_4.4x3.6mm_P2.54mm","2","","140357145400","Wurth Elektronik"
"U6,U8,U17,U18,U19,U20,U28,U29","TPD2EUSB30","Package_TO_SOT_SMD:Texas_DRT-3","8","","TPD2EUSB30","Texas Instruments"
"U7","APX803S-23SA","Package_TO_SOT_SMD:SOT-23","1","","APX803S-23SA","Diodes Incorporated"
"U9","TPS51397A","CA_Package_DFN_QFN:VQFN-20-1EP_3x3mm_P0.45mm_EP1.55x1.55mm_ThermalVias","1","","TPS51397A","Texas Instruments"
"U10","RTL8111H-CG","Package_DFN_QFN:QFN-32-1EP_4x4mm_P0.4mm_EP2.9x2.9mm","1","","RTL8111H-CG","Realtek"
"U11,U12,U13,U14","TPD4EUSB30","Package_SON:USON-10_2.5x1.0mm_P0.5mm","4","","TPD4EUSB30","Texas Instruments"
"U15","PCF85063AT","Package_SO:SO-8_3.9x4.9mm_P1.27mm","1","","PCF85063AT","NXP"
"U21,U22,U23,U24,U25,U26,U27","AP22615AWU","Package_TO_SOT_SMD:SOT-23-6","7","","AP22615AWU","Diodes Incorporated"
"U31","AT24C01D-STUM","Package_TO_SOT_SMD:SOT-23-5","1","","AT24C01D-STUM","Microchip Technology"
"U32","74LVC1G07","Package_TO_SOT_SMD:SOT-353_SC-70-5","1","","74LVC1G07SE","Diodes Incorporated"
"Y1","12MHz","Crystal:Crystal_SMD_3225-4Pin_3.2x2.5mm","1","","RH100-12.000-18-2030-TR","Raltron"
"Y2","25MHz","Crystal:Crystal_SMD_3225-4Pin_3.2x2.5mm","1","","RH100-25.000-13-F-0715-EXT-TR-NS1","Raltron"
"Y3","32.768kHz","Crystal:Crystal_SMD_3215-2Pin_3.2x1.5mm","1","","SWS31212D16-32.768KT","Suntsu Electronics"
