"Reference","Value","Footprint","QUANTITY","DNP","MPN","Manufacturer"
"C20,C22,C24,C26,C27,C28,C30,C31,C32,C37,C39,C40,C42,C46,C49,C56,C58,C60,C66,C90,C91,C92,C93,C94,C95,C96,C97,C98,C99,C100,C101,C102,C103,C104,C105,C106,C107,C108,C109,C110,C111,C112,C113,C114,C115,C116,C117,C118,C119","100n","Capacitor_SMD:C_0402_1005Metric","49","","GRM155R71C104KA88","Murata"
"C29,C35,C36,C41,C48,C50,C54,C61,C70,C74,C75,C77","1u","Capacitor_SMD:C_0603_1608Metric","12","","GRM188R61A105KA61","Murata"
"C33,C34,C43,C44,C45,C47,C55,C59","22u","Capacitor_SMD:C_0805_2012Metric","8","","GRM21BD71A226ME44","Murata"
"C38,C51,C68,C73","10u","Capacitor_SMD:C_0603_1608Metric","4","","GRM188B30J106ME47","Murata"
"C52,C63","100p","Capacitor_SMD:C_0402_1005Metric","2","","GRM1555C1H101JA01","Murata"
"C53,C64","100n","Capacitor_SMD:C_0402_1005Metric","2","DNP","GRM155R71C104KA88","Murata"
"C57,C65","4u7","Capacitor_SMD:C_0603_1608Metric","2","","GRM188C71C475KE21","Murata"
"C62,C69,C71,C76","22p","Capacitor_SMD:C_0402_1005Metric","4","","GRM1555C1H220JA01","Murata"
"C67,C72","10n","Capacitor_SMD:C_0402_1005Metric","2","","GRM155R71C103KA01","Murata"
"D3,D4,D5,D7","150060VS75000","Diode_SMD:D_0603_1608Metric","4","","150060VS75000","Wurth Elektronik"
"D6,D8","SML-A12VTT86","CA_Library_Footprint:LED_SML-A12MTT86P","2","","SML-A12VTT86","Rohm Semiconductor"
"D9,D12","5V","Diode_SMD:D_SOD-882","2","","ESD9BL0522P","Diotec Semiconductor"
"FB3,FB4,FB5,FB6,FB7,FB8,FB9,FB10","1k @ 100MHz","Inductor_SMD:L_0603_1608Metric","8","","BLM18KG102SN1","Murata"
"J1,J2","PH1-06-UA","Connector_PinHeader_2.54mm:PinHeader_1x06_P2.54mm_Vertical","2","","PH1-06-UA","Adam Tech"
"J3,J4","TYPE-C-31-M-12","CA_Connector:USB_C_Receptacle_16P_ModifiedTolerance","2","","TYPE-C-31-M-12","Korean Hroparts Elec"
"L1,L3","6u8","CA_Inductor:L_TDK_VLS60xx","2","","VLS6045AF-6R8M","TDK"
"L2,L4","3u3","CA_Inductor:L_TDK_VLS60xx","2","","VLS6045AF-3R3N","TDK"
"Q3,Q4","NXV55UNR","Package_TO_SOT_SMD:SOT-23","2","","NXV55UNR","Nexperia"
"R13,R14,R44,R45,R83,R98,R140,R142,R146,R150","100k","Resistor_SMD:R_0402_1005Metric","10","","RC0402FR-07100KL","Yageo"
"R18,R27,R46,R59,R66,R80","220","Resistor_SMD:R_0402_1005Metric","6","","RC0402FR-07220RL","Yageo"
"R19,R64,R65,R69,R70,R74,R77,R82,R84,R85,R86,R87,R88,R90,R91,R95,R100,R101,R103,R104,R113,R114,R117,R118,R129,R130,R133,R134,R143,R147","1k","Resistor_SMD:R_0402_1005Metric","30","","RC0402FR-071KL","Yageo"
"R20,R24,R25,R31,R81,R93","0","Resistor_SMD:R_0402_1005Metric","6","DNP","RC0402FR-070RL","Yageo"
"R28,R97,R106","0","Resistor_SMD:R_0402_1005Metric","3","","RC0402FR-070RL","Yageo"
"R60,R61,R67,R71","300","Resistor_SMD:R_0402_1005Metric","4","","RC0402FR-07300RL","Yageo"
"R62,R72,R75,R79,R92,R96","100","Resistor_SMD:R_0402_1005Metric","6","","RC0402FR-07100RL","Yageo"
"R63,R73,R124,R137","2k","Resistor_SMD:R_0402_1005Metric","4","","RC0402FR-072KL","Yageo"
"R68,R78","62k","Resistor_SMD:R_0402_1005Metric","2","","RC0402FR-0762KL","Yageo"
"R76,R89","196k","Resistor_SMD:R_0402_1005Metric","2","","RC0402FR-07196KL","Yageo"
"R94,R105","150","Resistor_SMD:R_0402_1005Metric","2","","RC0402FR-07150RL","Yageo"
"R107,R122","12k","Resistor_SMD:R_0402_1005Metric","2","","RC0402FR-0712KL","Yageo"
"R115,R116,R131,R132","22","Resistor_SMD:R_0402_1005Metric","4","","RC0402FR-0722RL","Yageo"
"R141,R144,R145,R148","5k1","Resistor_SMD:R_0402_1005Metric","4","","RC0402FR-075K1L","Yageo"
"SW1,SW2","DS04-254-2-01BK-SMT","CA_Button_Switch_SMD:SW_DIP_SPSTx01_Slide_9.78x4.72mm_W8.61mm_P2.54mm_Thick","2","DNP","DS04-254-2-01BK-SMT","CUI Devices"
"U4,U11","M93C66-RMC6TG","Package_DFN_QFN:DFN-8-1EP_3x2mm_P0.5mm_EP1.7x1.6mm","2","","M93C66-RMC6TG","ST Microelectronics"
"U6,U8,U10,U12,U14,U16","TLP2367","Package_SO:SO-6_4.4x3.6mm_P1.27mm","6","","TLP2367(TPR,E","Toshiba"
"U7","DS1100LZ-20+","Package_SO:SOIC-8_3.9x4.9mm_P1.27mm","1","","DS1100LZ-20+","Analog Devices"
"U9,U19","TPD4EUSB30","Package_SON:USON-10_2.5x1.0mm_P0.5mm","2","","TPD4EUSB30","Texas Instruments"
"U13,U15","AP63200WU","Package_TO_SOT_SMD:TSOT-23-6","2","","AP63200WU","Diodes Incorporated"
"U17,U18","LAN7801","Package_DFN_QFN:VQFN-64-1EP_9x9mm_P0.5mm_EP7.15x7.15mm","2","","LAN7801","Microchip"
"U20,U21","TPD2EUSB30","Package_TO_SOT_SMD:Texas_DRT-3","2","","TPD2EUSB30","Texas Instruments"
"Y2,Y3","25MHz","Crystal:Crystal_SMD_3225-4Pin_3.2x2.5mm","2","","RH100-25.000-13-F-0715-EXT-TR-NS1","Raltron"
