"Reference","Value","Footprint","QUANTITY","DNP","MPN","Manufacturer"
"C1,C4,C6,C7,C8,C9,C11,C12,C17,C18,C19,C20,C21,C22,C23,C24,C25,C26,C27,C28,C29,C30,C32","100nF","Capacitor_SMD:C_0402_1005Metric","23","","GRM155R71H104KE14D","Murata"
"C2,C3,C5,C15","4.7uF","Capacitor_SMD:C_0402_1005Metric","4","","GRM155R61A475MEAAD","Murata"
"C10","1uF","Capacitor_SMD:C_0402_1005Metric","1","","GRM155R61E105KA12D","Murata"
"C13,C14","12pF","Capacitor_SMD:C_0402_1005Metric","2","","GRM1555C1H120FA01D","Murata"
"C16","100nF / 630V","Capacitor_SMD:C_1210_3225Metric","1","","C3225X7T2J104K160AC","TDK Corporation"
"C31","22uF","Capacitor_SMD:C_0805_2012Metric","1","","GRM21BR61E226ME44K","Murata"
"D1,D2,D3","SML-A12MTT86P","CA_Library_Footprint:LED_SML-A12MTT86P","3","","SML-A12MTT86P","ROHM Semicon"
"D4","MMSD4148T1G","Diode_SMD:D_SOD-123","1","","MMSD4148T1G","onsemi"
"FB1","1k","Inductor_SMD:L_0402_1005Metric","1","","BLM15AX102SN1D","Murata"
"J2","TYPE-C-31-M-12","Connector_USB:USB_C_Receptacle_Palconn_UTC16-G","1","","12402012E212A","Amphenol ICC (Commercial Products)"
"J3,J4,J5","20021121-00006T1LF","CA_Connector:20021121-00006T1LF","3","","20021121-00006T1LF","Amphenol"
"Q1","DMN3404L","Package_TO_SOT_SMD:SOT-23","1","","DMN3404L-7","Diodes Incorporated"
"R1","100k","Resistor_SMD:R_0402_1005Metric","1","","RC0402FR-07100KL","Yageo"
"R2,R6,R8,R11,R13,R14,R15,R16","300R","Resistor_SMD:R_0402_1005Metric","8","","RC0402FR-07300RL","Yageo"
"R3,R5","5k1","Resistor_SMD:R_0402_1005Metric","2","","RC0402FR-075K1L","Yageo"
"R4,R9","10R","Resistor_SMD:R_0402_1005Metric","2","","RC0402FR-0710RL","Yageo"
"R7","698R","Resistor_SMD:R_0402_1005Metric","1","","RC0402FR-07698RL","Yageo"
"R10","499R","Resistor_SMD:R_1210_3225Metric","1","","RC1210FR-07499RL","Yageo"
"R12,R22","10k","Resistor_SMD:R_0402_1005Metric","2","","RC0402FR-0710KL","Yageo"
"R17,R18,R19,R20","1k","Resistor_SMD:R_0402_1005Metric","4","","RC0402FR-071KL","Yageo"
"R21","100R","Resistor_SMD:R_0402_1005Metric","1","","RC0402FR-07100RL","Yageo"
"U1","AP2127N-3.3","Package_TO_SOT_SMD:SOT-23","1","","AP2127N-3.3TRG1","Diodes Incorporated"
"U2","STM32F401CCU6","Package_DFN_QFN:QFN-48-1EP_7x7mm_P0.5mm_EP5.6x5.6mm","1","","STM32F401CCU6","STMicroelectronics"
"U3","TPD2EUSB30","Package_TO_SOT_SMD:Texas_DRT-3","1","","TPD2EUSB30DRTR","Texas Instruments"
"U4","LTV-814S-TA1","CA_Library_Footprint:LTV-814","1","","LTV-814S-TA1","Lite-On Inc."
"U5,U6,U7,U8","MCP9700BT-E/TT","Package_TO_SOT_SMD:SOT-23","4","","MCP9700BT-E/TT","Microchip Technology"
"Y1","16MHz","Crystal:Crystal_SMD_3225-4Pin_3.2x2.5mm","1","","X322516MLB4SI","YXC"
