"Reference","Value","Footprint","QUANTITY","DNP","MPN","Manufacturer"
"C1,C4,C6,C7,C8,C9,C11,C12","100nF","Capacitor_SMD:C_0402_1005Metric","8","","GRM155R71H104KE14D","Murata"
"C2,C3,C5,C16","4.7uF","Capacitor_SMD:C_0402_1005Metric","4","","GRM155R61A475MEAAD","Murata"
"C13","1uF","Capacitor_SMD:C_0402_1005Metric","1","","GRM155R61E105KA12D","Murata"
"C14,C15","12pF","Capacitor_SMD:C_0402_1005Metric","2","","GRM1555C1H120FA01D","Murata"
"D1","SML-A12MTT86P","CA_Library_Footprint:LED_SML-A12MTT86P","1","","SML-A12MTT86P","ROHM Semicon"
"J4","TYPE-C-31-M-12","Connector_USB:USB_C_Receptacle_Palconn_UTC16-G","1","","12402012E212A","Amphenol ICC (Commercial Products)"
"Q1","NXV55UNR","Package_TO_SOT_SMD:SOT-23","1","","NXV55UNR","Nexperia"
"R1","100k","Resistor_SMD:R_0402_1005Metric","1","","RC0402FR-07100KL","Yageo"
"R2,R4","4.7k","Resistor_SMD:R_0402_1005Metric","2","","RC0402FR-074K7L","Yageo"
"R3,R6,R9","300R","Resistor_SMD:R_0402_1005Metric","3","","RC0402FR-07300RL","Yageo"
"R5","187R","Resistor_SMD:R_0603_1608Metric","1","","RC0603FR-07187RL","Yageo"
"R10,R11,R12","5.1k","Resistor_SMD:R_0402_1005Metric","3","","RC0402FR-075K1L","Yageo"
"R13,R14","10R","Resistor_SMD:R_0402_1005Metric","2","","RC0402FR-0710RL","Yageo"
"U1","AP2127N-3.3","Package_TO_SOT_SMD:SOT-23","1","","AP2127N-3.3TRG1","Diodes Incorporated"
"U2","STM32F401CCU6","Package_DFN_QFN:QFN-48-1EP_7x7mm_P0.5mm_EP5.6x5.6mm","1","","STM32F401CCU6","STMicroelectronics"
"U3","TPD2EUSB30","Package_TO_SOT_SMD:Texas_DRT-3","1","","TPD2EUSB30DRTR","Texas Instruments"
"Y1","16MHz","Crystal:Crystal_SMD_3225-4Pin_3.2x2.5mm","1","","X322516MLB4SI","YXC"
