"Reference","Value","Footprint","QUANTITY","DNP","MPN","Manufacturer","Voltage","Power"
"C1,C5,C17,C20","1u","Capacitor_SMD:C_0402_1005Metric","4","","GRM155R61C105KA12","Murata","",""
"C2,C4,C6,C8,C10,C11,C15,C16,C27,C30,C33,C36,C39,C42,C45,C46,C47,C48,C49,C50,C53","100n","Capacitor_SMD:C_0402_1005Metric","21","","GRM155R61H104KE14","Murata","",""
"C3,C12,C14,C18,C19","4u7","Capacitor_SMD:C_0603_1608Metric","5","","GRM155C80J475ME01","Murata","",""
"C7,C29,C32,C35,C38,C41,C44","10n","Capacitor_SMD:C_0402_1005Metric","7","","GRM1555C1E103GE01","Murata","",""
"C9,C13","12p","Capacitor_SMD:C_0402_1005Metric","2","","GRM1555C1H120GA01","Murata","",""
"C21,C28,C31,C34,C37,C40,C43","47n","Capacitor_SMD:C_0805_2012Metric","7","","GRM21BR72A473KA01","Murata","100V",""
"C22,C23","10p","Capacitor_SMD:C_0402_1005Metric","2","","GRM1555C1H100JA01","Murata","",""
"C24","470p","Capacitor_SMD:C_0402_1005Metric","1","","GRM1555C1H471JA01","Murata","",""
"C25,C26","100n","Capacitor_SMD:C_0603_1608Metric","2","","GRM188R72A104KA35","Murata","100V",""
"C51,C52,C54,C55,C56","10u","Capacitor_SMD:C_0603_1608Metric","5","","GRM188C81C106MA73","Murata","",""
"D1","SML-A12MTT86P","CA_Library_Footprint:LED_SML-A12MTT86P","1","","SML-A12MTT86","Rohm Semiconductor","",""
"D3","MMSD4148","Diode_SMD:D_SOD-123","1","","MMSD4148","onsemi","",""
"D4","SS210","Diode_SMD:D_SMA","1","","SS210","Won-Top Electronics","",""
"FB1","200m","Inductor_SMD:L_1206_3216Metric","1","","ACMS321609A6012A","HYHONGYEX","",""
"FB2,FB3","1k @ 100MHz","Inductor_SMD:L_0402_1005Metric","2","","BLM15AX102SN1D","Murata","",""
"J2","KH-TYPE-C-16P","Connector_USB:USB_C_Receptacle_Palconn_UTC16-G","1","","KH-TYPE-C-16P","Shenzhen Kinghelm Elec","",""
"J3,J4,J5,J6,J7,J8","1787014","CA_Connector:DMC 1,5_ 2-G1F-3,5-LR P20THR","6","","1787014","Phoenix Contact","",""
"L1","4u7","Inductor_SMD:L_TDK_NLV32_3.2x2.5mm","1","","NLCV32T-4R7M-EF","TDK","",""
"R1,R11","220","Resistor_SMD:R_0402_1005Metric","2","","RC0402FR-07220RL","Yageo","",""
"R2","15k","Resistor_SMD:R_0402_1005Metric","1","","RC0402FR-0715KL","Yageo","",""
"R3","21k5","Resistor_SMD:R_0402_1005Metric","1","","RC0402FR-0721K5L","Yageo","",""
"R4,R19,R24,R29,R34,R39,R44","6k2","Resistor_SMD:R_0603_1608Metric","7","","RC0603FR-076K2L","Yageo","","0.1W"
"R5","300","Resistor_SMD:R_0402_1005Metric","1","","RC0402FR-07300RL ","Yageo","",""
"R6,R20,R25,R30,R35,R40,R45","100k","Resistor_SMD:R_0603_1608Metric","7","","RC0603FR-07100KL ","Yageo","","0.1W"
"R7,R10,R49,R50","22","Resistor_SMD:R_0402_1005Metric","4","","RC0402FR-0722RL  ","Yageo","",""
"R8,R9","5k1","Resistor_SMD:R_0402_1005Metric","2","","RC0402FR-075K1L","Yageo","",""
"R12","0","Resistor_SMD:R_0402_1005Metric","1","","RC0402FR-070RL","Yageo","",""
"R13","390k","Resistor_SMD:R_0402_1005Metric","1","","RC0402FR-07390KL","Yageo","",""
"R14","10k","Resistor_SMD:R_0402_1005Metric","1","","RC0402FR-0710KL","Yageo","",""
"R15,R16","3k","Resistor_SMD:R_0402_1005Metric","2","","RC0402FR-073KL ","Yageo","",""
"R17,R22,R27,R32,R37,R42,R47","3M9","Resistor_SMD:R_0402_1005Metric","7","","RC0402FR-073M9L","Yageo","",""
"R18,R23,R28,R33,R38,R43,R48","270k","Resistor_SMD:R_0402_1005Metric","7","","RC0402FR-07270KL","Yageo","",""
"R21,R26,R31,R36,R41,R46","18k","Resistor_SMD:R_0805_2012Metric","6","","RC0805FR-0718KL","Yageo","","0.25W"
"U1","AP2127N-3.3","Package_TO_SOT_SMD:SOT-23","1","","AP2127N-3.3TRG1 ","Diodes Incorporated","",""
"U2","STM32F401CCUx","Package_DFN_QFN:QFN-48-1EP_7x7mm_P0.5mm_EP5.6x5.6mm","1","","STM32F401CCU6","ST Microelectronics","",""
"U3","ADUM3160BRWZ","Package_SO:SOIC-16W_7.5x10.3mm_P1.27mm","1","","ADuM3160BRWZ","Analog Devices","",""
"U4","TPD2EUSB30","Package_TO_SOT_SMD:Texas_DRT-3","1","","TPD2EUSB30","Texas Instruments","",""
"U5","TPS61391RTER","Package_DFN_QFN:WQFN-16-1EP_3x3mm_P0.5mm_EP1.68x1.68mm_ThermalVias","1","","TPS61391RTER","Texas Instruments","",""
"U6,U7,U8,U9,U10,U11,U12","OPA991IDBVR","Package_TO_SOT_SMD:SOT-23-5","7","","OPA991IDBVR","Texas Instruments","",""
"U13","R05C1TF05S-R","CA_Library_Footprint:TFLGA-12_5x4mm_RxxC1TFxxS-R","1","","R05C1TF05S-R","Recom Power","",""
"Y1","16MHz","Crystal:Crystal_SMD_3225-4Pin_3.2x2.5mm","1","","X322516MLB4SI","YXC","",""
