"Reference","Value","Footprint","QUANTITY","DNP","MPN","Manufacturer","Precision","Voltage"
"C1,C4,C9,C10,C11,C12,C13,C15,C16,C20,C25,C26,C27,C28,C30,C31,C32,C34,C35,C37,C39,C40,C41,C43,C44,C46,C48,C49,C50,C52,C53,C55,C57,C58,C59,C61,C62,C64,C66,C67,C68,C70,C71,C73,C75,C76,C77,C79,C80","100nF","Capacitor_SMD:C_0402_1005Metric","49","","GRM155R71H104KE14D","Murata","","50V"
"C2,C3,C17,C19","47uF","Capacitor_SMD:C_0603_1608Metric","4","","GRM188R60J476ME01D","Murata","",""
"C5,C7","12pF","Capacitor_SMD:C_0402_1005Metric","2","","GRM1555C1H120FA01D","Murata","",""
"C6,C22","1uF","Capacitor_SMD:C_0402_1005Metric","2","","GRM155R61E105KA12D","Murata","",""
"C8,C14","4.7uF","Capacitor_SMD:C_0402_1005Metric","2","","GRM155R61A475MEAAD","Murata","",""
"C18","10nF","Capacitor_SMD:C_0402_1005Metric","1","","GRM1555C1E103GE01","Murata","",""
"C21","330pF","Capacitor_SMD:C_0402_1005Metric","1","","GRM1555C1H331GA01","Murata","",""
"C23,C36,C45,C54,C63,C72,C81","4.7pF","Capacitor_SMD:C_0402_1005Metric","7","","GRM1555C1H4R7BA01","Murata","",""
"C24,C29,C33,C38,C42,C47,C51,C56,C60,C65,C69,C74,C78,C82,C83,C84,C85,C86,C87,C88","10uF","Capacitor_SMD:C_1206_3216Metric","20","","GRM31CD71H106KE11D","Murata","","50V"
"D1","SML-A12MTT86P","CA_Library_Footprint:LED_SML-A12MTT86P","1","","SML-A12MTT86P","ROHM Semicon","",""
"D2","SML-A12V8TT86","CA_Library_Footprint:LED_SML-A12MTT86P","1","","SML-A12V8TT86","ROHM Semicon","",""
"D3","5V","Diode_SMD:D_SOD-323","1","","ESD5V0D3B-TP","Micro Commercial Co","",""
"D4","SS14","Diode_SMD:D_SMA","1","","SS14","Shenzhen Slkormicro Semicon Co., Ltd.","",""
"D5,D6,D7,D8,D9,D10,D11,D12,D13,D14,D15,D16","BZX84C3V3","CA_Diode:BZX84C3V3","12","","BZX84C3V3","Good-Ark Semiconductor","",""
"FB1","1k @ 100 MHz","Inductor_SMD:L_0402_1005Metric","1","","BLM15AX102SN1D","Murata","",""
"J1","Conn_01x04_Pin","Connector_PinHeader_2.54mm:PinHeader_1x04_P2.54mm_Vertical","1","DNP","~","~","",""
"J2","Conn_02x06_Odd_Even","Connector_PinHeader_2.54mm:PinHeader_2x06_P2.54mm_Vertical","1","DNP","~","~","",""
"J4","TYPE-C-31-M-12","CA_Connector:USB_C_Receptacle_16P_ModifiedTolerance","1","","12402012E212A","Amphenol ICC (Commercial Products)","",""
"J5,J6,J7,J8,J9,J10","WJ15EDGRC-3.81-3P","CA_Connector:WJ15EDGRC-3.81-3P","6","","WJ15EDGRC-3.81-3P","Ningbo Kangnex Elec","",""
"L1","4.7u","CA_Inductor:L_TDK_VLS60xx","1","","VLS6045AF-4R7M","TDK Corporation","",""
"L2,L3,L4,L5,L6,L7","15u","Inductor_SMD:L_1210_3225Metric","6","","LBC3225T150KR","Taiyo Yuden","",""
"Q1,Q2,Q3,Q4,Q5,Q6","2N7002","Package_TO_SOT_SMD:SOT-23","6","","2N7002BK","Nexperia USA Inc.","",""
"R1,R4,R7,R28,R41,R54,R67,R80,R93","300R","Resistor_SMD:R_0402_1005Metric","9","","RC0402FR-07300RL","Yageo","",""
"R2,R3,R5,R6,R10,R11","5.1k","Resistor_SMD:R_0402_1005Metric","6","","RC0402FR-075K1L","Yageo","",""
"R8,R17","180k","Resistor_SMD:R_0402_1005Metric","2","","RT0402BRD07180KL","Yageo","0.1%",""
"R9,R13,R18,R22,R35,R48,R61,R74,R87","20k","Resistor_SMD:R_0603_1608Metric","9","","RC0603BR-0720KL","Yageo","0.1%",""
"R12,R20,R27,R29,R30,R31,R33,R40,R42,R43,R44,R46,R53,R55,R56,R57,R59,R66,R68,R69,R70,R72,R79,R81,R82,R83,R85,R92,R94,R95,R96","15k","Resistor_SMD:R_0402_1005Metric","31","","RC0402FR-0715KL","Yageo","",""
"R14","68k","Resistor_SMD:R_0402_1005Metric","1","","RC0402FR-0768KL","Yageo","",""
"R15","120k","Resistor_SMD:R_0603_1608Metric","1","","RT0603BRD07120KL","Yageo","0.1%",""
"R16","8.2k","Resistor_SMD:R_0603_1608Metric","1","","RT0603BRD078K2L","Yageo","0.1%",""
"R19,R32,R45,R58,R71,R84","1k","Resistor_SMD:R_0402_1005Metric","6","","RC0402FR-071KL","Yageo","",""
"R21,R24,R34,R37,R47,R50,R60,R63,R73,R76,R86,R89","130k","Resistor_SMD:R_0603_1608Metric","12","","RT0603BRD07130KL","Yageo","0.1%",""
"R23,R36,R49,R62,R75,R88","1M","Resistor_SMD:R_0402_1005Metric","6","","RC0402FR-071ML","Yageo","",""
"R25,R38,R51,R64,R77,R90","4.3k","Resistor_SMD:R_0603_1608Metric","6","","RT0603BRD074K3L","Yageo","0.1%",""
"R26,R39,R52,R65,R78,R91","160R","Resistor_SMD:R_0805_2012Metric","6","","RT0805BRD07160RL","Yageo","",""
"R97,R98","22R","Resistor_SMD:R_0402_1005Metric","2","","RC0402FR-0722RL","Yageo","",""
"U1","AP2127N-3.3","Package_TO_SOT_SMD:SOT-23","1","","AP2127N-3.3TRG1","Diodes Incorporated","",""
"U2","STM32F401CCU6","Package_DFN_QFN:QFN-48-1EP_7x7mm_P0.5mm_EP5.6x5.6mm","1","","STM32F401CCU6","STMicroelectronics","",""
"U3","LT8333","Package_DFN_QFN:DFN-10-1EP_3x3mm_P0.5mm_EP1.65x2.38mm","1","","LT8333RDD","Analog Devices","",""
"U4","TPD2EUSB30","Package_TO_SOT_SMD:Texas_DRT-3","1","","TPD2EUSB30DRTR","Texas Instruments","",""
"U5,U8,U11,U14,U17,U20","TLV9304IPWR","Package_SO:TSSOP-14_4.4x5mm_P0.65mm","6","","TLV9304IPWR","Texas Instruments","",""
"U6,U9,U12,U15,U18,U21","AP64060","Package_TO_SOT_SMD:TSOT-23-6","6","","AP64060WU-7 ","Diodes Incorporated","",""
"U7,U10,U13,U16,U19,U22","MCP4651-104E/ML","Package_DFN_QFN:QFN-16-1EP_4x4mm_P0.65mm_EP2.7x2.7mm","6","","MCP4651-104E/ML","Microchip Technology","",""
"Y1","16MHz","Crystal:Crystal_SMD_3225-4Pin_3.2x2.5mm","1","","X322516MLB4SI","YXC","",""
