"Reference","Value","Footprint","QUANTITY","DNP","MPN","Manufacturer"
"C1,C2,C3,C4,C5,C6,C7,C8,C9,C10,C11","100n","Capacitor_SMD:C_0402_1005Metric","11","","",""
"C12,C14,C16,C18","1u","Capacitor_SMD:C_0402_1005Metric","4","","",""
"C13,C15,C17,C19","10u","Capacitor_SMD:C_0402_1005Metric","4","","",""
"C20","220n","Capacitor_SMD:C_0402_1005Metric","1","","",""
"C23,C24,C25,C26","4u7","Capacitor_SMD:C_0402_1005Metric","4","","",""
"R4","0","Resistor_SMD:R_0402_1005Metric","1","","",""
"U2","88E1510","Package_DFN_QFN:QFN-48-1EP_7x7mm_P0.5mm_EP3.5x3.5mm","1","","88E1510-A0-NNB2C000","Marvell Semiconductor, Inc."
